Bagel	Peanut Butter Sandwhich	Eggo Waffle	Chik Patty
Vitamins	Cereal	Eggo Waffle	Chicken Nuggets	Pancakes	Chik Patty	Babybell Cheese
Peanut Butter Sandwhich	Corn Dog	Pancakes	Quesadilla
Bagel	Peanut Butter Sandwhich	Pancakes	Babybell Cheese
Cereal	Pizza	Tater Tots	Pancakes	Babybell Cheese
Bagel	Chicken Nuggets	Pancakes	Chik Patty	Babybell Cheese
Peanut Butter Sandwhich	Cereal	Eggo Waffle	Pancakes	Chik Patty	Babybell Cheese
Bagel	Pizza	Eggo Waffle	Babybell Cheese
Cereal	Chicken Nuggets	Tater Tots	Pancakes	Chik Patty
Pizza	Chicken Nuggets	Pancakes	Chik Patty	Chicken Cup of Noodles
Vitamins	Peanut Butter Sandwhich	Cereal	Chicken Nuggets	Pancakes
Vitamins	Peanut Butter Sandwhich	Cereal	Pancakes	Chik Patty	Babybell Cheese
Vitamins	Cereal	Chicken Nuggets	Cheese Sandwhich	Chik Patty
Peanut Butter Sandwhich	Cereal	Hot Dog	Pancakes	Babybell Cheese
Cereal	Eggo Waffle	Tater Tots	Chicken	Pancakes
Vitamins	Corn Dog	Hot Dog	Eggo Waffle	Chicken Nuggets	Pancakes
Peanut Butter Sandwhich	Cereal	Chicken Nuggets	Pancakes	Babybell Cheese
Vitamins	Cereal	Eggo Waffle	Chicken Nuggets	Quesadilla	Chik Patty	Babybell Cheese
Peanut Butter Sandwhich	Hot Dog	Pizza	Pancakes
Vitamins	Bagel	Cereal	Eggo Waffle	Chik Patty
Vitamins	Peanut Butter Sandwhich	Cereal	Eggo Waffle	Chicken	Pancakes
Vitamins	Cereal	Chicken	Pancakes	Quesadilla
Cereal	Pizza	Chicken Nuggets	Tater Tots	Chicken Cup of Noodles
Bagel	Chicken Nuggets	Pancakes	Babybell Cheese
Peanut Butter Sandwhich	Cereal	Tater Tots	Chik Patty
Cereal	Pizza	Chicken Nuggets	Tater Tots	Cheese Sandwhich
Bagel	Peanut Butter Sandwhich	Cereal	Chik Patty	Babybell Cheese
Cereal	Corn Dog	Eggo Waffle	Chicken Nuggets	Tater Tots	Babybell Cheese
Bagel	Peanut Butter Sandwhich	Corn Dog	Eggo Waffle
Peanut Butter Sandwhich	Corn Dog	Eggo Waffle	Pancakes	Babybell Cheese
Vitamins	Cereal	Corn Dog	Eggo Waffle	Chicken Nuggets	Tater Tots
Vitamins	Peanut Butter Sandwhich	Cereal	Eggo Waffle	Chicken Nuggets	Cheese Sandwhich
Pizza	Chicken Nuggets	Tater Tots	Pancakes	Chik Patty
Cereal	Corn Dog	Chicken Nuggets	Pancakes	Quesadilla	Babybell Cheese
Vitamins	Bagel	Chicken Nuggets	Pancakes	Babybell Cheese
Bagel	Cereal	Corn Dog	Pizza
Vitamins	Cereal	Corn Dog	Pizza	Chicken Nuggets	Chik Patty
Vitamins	Peanut Butter Sandwhich	Cereal	Corn Dog	Pancakes	Chik Patty	Babybell Cheese
Bagel	Cereal	Pizza	Babybell Cheese
Vitamins	Cereal	Chicken	Pancakes	Cheese Sandwhich	Chik Patty
Peanut Butter Sandwhich	Cereal	Corn Dog	Pancakes
Corn Dog	Pizza	Chicken Nuggets	Pancakes	Chik Patty
Cereal	Eggo Waffle	Pancakes	Chik Patty	Babybell Cheese
Vitamins	Bagel	Eggo Waffle	Chicken Nuggets	Tater Tots
Corn Dog	Eggo Waffle	Chicken	Pancakes	Chik Patty
Vitamins	Cereal	Corn Dog	Chicken	Pancakes	Chik Patty
Vitamins	Cereal	Pizza	Chicken	Pancakes	Chik Patty
Cereal	Pizza	Chicken	Pancakes
Cereal	Tater Tots	Chicken	Pancakes	Quesadilla
Cereal	Corn Dog	Chicken	Pancakes	Chik Patty
Vitamins	Peanut Butter Sandwhich	Cereal	Pizza	Chicken Nuggets	Quesadilla
Vitamins	Cereal	Chicken Nuggets	Quesadilla	Chik Patty	Chicken Cup of Noodles
Hot Dog	Eggo Waffle	Chicken Nuggets	Pancakes
Hot Dog	Eggo Waffle	Chicken Nuggets	Pancakes	Babybell Cheese
Vitamins	Corn Dog	Eggo Waffle	Pancakes	Chik Patty
Vitamins	Tater Tots	Chicken	Pancakes	Chicken Cup of Noodles
Vitamins	Peanut Butter Sandwhich	Cereal	Corn Dog	Chicken Nuggets	Pancakes
Vitamins	Cereal	Hot Dog	Chicken Nuggets	Pancakes	Chik Patty
Chicken	Pancakes	Cheese Sandwhich	Chicken Cup of Noodles
Vitamins	Cereal	Hot Dog	Pizza	Chik Patty
Bagel	Corn Dog	Pancakes	Chik Patty
Cereal	Pizza	Chicken	Pancakes	Chik Patty
Corn Dog	Pizza	Pancakes	Chik Patty	Babybell Cheese
Vitamins	Bagel	Cereal	Chik Patty	Babybell Cheese
Vitamins	Peanut Butter Sandwhich	Eggo Waffle	Pancakes	Chik Patty
Peanut Butter Sandwhich	Cereal	Pizza	Eggo Waffle	Chik Patty	Babybell Cheese
Vitamins	Cereal	Chicken Nuggets	Tater Tots	Quesadilla	Chik Patty
Vitamins	Hot Dog	Chicken Nuggets	Pancakes	Chik Patty
Peanut Butter Sandwhich	Cereal	Tater Tots	Pancakes	Babybell Cheese
Cereal	Corn Dog	Chicken Nuggets	Quesadilla	Chicken Cup of Noodles
Vitamins	Corn Dog	Chicken Nuggets	Pancakes	Chik Patty	Chicken Cup of Noodles
Cereal	Corn Dog	Chicken	Pancakes	Quesadilla	Babybell Cheese
Vitamins	Cereal	Corn Dog	Pizza	Chik Patty
Vitamins	Cereal	Corn Dog	Chicken	Pancakes	Chik Patty	Babybell Cheese
Peanut Butter Sandwhich	Cereal	Pizza	Eggo Waffle	Babybell Cheese
Vitamins	Peanut Butter Sandwhich	Cereal	Pizza	Eggo Waffle	Chik Patty
Cereal	Pizza	Chicken Nuggets	Tater Tots	Pancakes	Babybell Cheese
Vitamins	Peanut Butter Sandwhich	Cereal	Pizza	Pancakes	Babybell Cheese
Peanut Butter Sandwhich	Cereal	Chicken Nuggets	Tater Tots	Chicken Cup of Noodles
Cereal	Corn Dog	Eggo Waffle	Cheese Sandwhich	Babybell Cheese
Peanut Butter Sandwhich	Cereal	Chicken Nuggets	Pancakes	Quesadilla
Vitamins	Chicken Nuggets	Pancakes	Chik Patty	Chicken Cup of Noodles	Babybell Cheese
Vitamins	Eggo Waffle	Chicken	Pancakes	Cheese Sandwhich	Babybell Cheese
Vitamins	Peanut Butter Sandwhich	Cereal	Chicken Nuggets	Pancakes	Chik Patty	Babybell Cheese
Bagel	Pancakes	Chik Patty	Babybell Cheese
Corn Dog	Hot Dog	Chicken Nuggets	Pancakes	Quesadilla
Vitamins	Bagel	Peanut Butter Sandwhich	Cereal	Babybell Cheese
Cereal	Hot Dog	Pizza	Chicken Cup of Noodles
Vitamins	Peanut Butter Sandwhich	Eggo Waffle	Cheese Sandwhich	Chik Patty
Bagel	Cereal	Chicken Nuggets	Chicken Cup of Noodles
Peanut Butter Sandwhich	Pancakes	Chik Patty	Chicken Cup of Noodles
Cereal	Chicken Nuggets	Pancakes	Cheese Sandwhich	Chik Patty	Babybell Cheese
Cereal	Eggo Waffle	Chicken	Pancakes	Chik Patty	Babybell Cheese
Bagel	Pizza	Pancakes	Babybell Cheese
Bagel	Pizza	Chicken Cup of Noodles	Babybell Cheese
Cereal	Pancakes	Quesadilla	Chik Patty	Babybell Cheese
Cereal	Hot Dog	Eggo Waffle	Chik Patty
Vitamins	Bagel	Cereal	Pizza	Chik Patty
Vitamins	Chicken	Pancakes	Quesadilla	Cheese Sandwhich
Cereal	Corn Dog	Chicken Nuggets	Quesadilla	Cheese Sandwhich
Vitamins	Pizza	Eggo Waffle	Chicken Nuggets	Pancakes	Chik Patty
Vitamins	Cereal	Eggo Waffle	Chicken Nuggets	Chicken Cup of Noodles
Peanut Butter Sandwhich	Cereal	Corn Dog	Pizza	Pancakes
Bagel	Cereal	Eggo Waffle	Chik Patty	Babybell Cheese
Cereal	Corn Dog	Pizza	Chik Patty
Vitamins	Pizza	Chicken Nuggets	Pancakes	Chik Patty
Corn Dog	Chicken Nuggets	Pancakes	Chik Patty	Chicken Cup of Noodles
Vitamins	Corn Dog	Hot Dog	Chicken Nuggets	Pancakes	Chik Patty
Corn Dog	Hot Dog	Eggo Waffle	Chicken Nuggets	Pancakes
Corn Dog	Eggo Waffle	Chik Patty	Chicken Cup of Noodles
Cereal	Chicken	Pancakes	Chicken Cup of Noodles
Vitamins	Peanut Butter Sandwhich	Chicken Nuggets	Tater Tots	Pancakes
Bagel	Pancakes	Chik Patty
Cereal	Pizza	Chicken Nuggets	Cheese Sandwhich	Chik Patty	Babybell Cheese
Peanut Butter Sandwhich	Cereal	Pizza	Pancakes
Vitamins	Corn Dog	Eggo Waffle	Chicken Nuggets	Pancakes	Chik Patty	Babybell Cheese
Peanut Butter Sandwhich	Cereal	Corn Dog	Eggo Waffle	Chicken Nuggets
Bagel	Hot Dog	Eggo Waffle	Chicken Nuggets
Cereal	Corn Dog	Chicken	Pancakes	Chik Patty	Babybell Cheese
Vitamins	Peanut Butter Sandwhich	Chicken Nuggets	Pancakes	Quesadilla
Vitamins	Cereal	Chicken Nuggets	Tater Tots	Pancakes	Babybell Cheese
Cereal	Eggo Waffle	Chicken Nuggets	Pancakes	Chik Patty	Babybell Cheese
Vitamins	Cereal	Hot Dog	Pizza	Chicken Nuggets	Chik Patty
Vitamins	Peanut Butter Sandwhich	Hot Dog	Chicken Nuggets	Pancakes
Cereal	Corn Dog	Chicken Nuggets	Cheese Sandwhich	Chik Patty
Vitamins	Cereal	Eggo Waffle	Chicken Nuggets	Chik Patty	Chicken Cup of Noodles
Cereal	Chicken Nuggets	Quesadilla	Cheese Sandwhich	Chik Patty
Vitamins	Peanut Butter Sandwhich	Cereal	Eggo Waffle	Chicken Nuggets	Pancakes	Babybell Cheese
Vitamins	Peanut Butter Sandwhich	Cereal	Pancakes	Chik Patty
Vitamins	Peanut Butter Sandwhich	Cereal	Corn Dog	Chik Patty
Peanut Butter Sandwhich	Cereal	Eggo Waffle	Chicken Nuggets	Chik Patty
Peanut Butter Sandwhich	Corn Dog	Eggo Waffle	Chicken Nuggets	Pancakes
Vitamins	Hot Dog	Eggo Waffle	Chicken Nuggets	Pancakes	Babybell Cheese
Peanut Butter Sandwhich	Eggo Waffle	Pancakes
Pizza	Eggo Waffle	Chicken Nuggets	Pancakes	Babybell Cheese
Bagel	Cereal	Pizza	Chik Patty	Babybell Cheese
Vitamins	Cereal	Corn Dog	Chicken	Pancakes	Cheese Sandwhich
Cereal	Chicken Nuggets	Cheese Sandwhich	Chik Patty	Chicken Cup of Noodles	Babybell Cheese
Peanut Butter Sandwhich	Corn Dog	Pancakes	Chik Patty	Babybell Cheese
Peanut Butter Sandwhich	Chicken Nuggets	Pancakes	Cheese Sandwhich	Babybell Cheese
Peanut Butter Sandwhich	Pizza	Chicken Nuggets	Pancakes	Chik Patty
Cereal	Pizza	Chicken	Pancakes	Quesadilla
Peanut Butter Sandwhich	Eggo Waffle	Chicken Nuggets	Pancakes	Chicken Cup of Noodles
Vitamins	Bagel	Cereal	Pizza	Babybell Cheese
Vitamins	Peanut Butter Sandwhich	Cereal	Corn Dog	Pancakes
Vitamins	Peanut Butter Sandwhich	Corn Dog	Eggo Waffle	Pancakes	Babybell Cheese
Bagel	Cereal	Corn Dog	Eggo Waffle	Babybell Cheese
Cereal	Hot Dog	Eggo Waffle	Chicken	Pancakes
Vitamins	Peanut Butter Sandwhich	Pizza	Eggo Waffle	Pancakes
Cereal	Eggo Waffle	Chicken Nuggets	Pancakes	Babybell Cheese
Peanut Butter Sandwhich	Cereal	Pizza	Chicken Cup of Noodles
Cereal	Chicken Nuggets	Tater Tots	Chicken	Pancakes
Vitamins	Cereal	Corn Dog	Pizza	Eggo Waffle
Vitamins	Bagel	Cereal	Tater Tots	Babybell Cheese
Vitamins	Hot Dog	Pizza	Chicken Nuggets	Pancakes
Corn Dog	Pizza	Eggo Waffle	Pancakes	Babybell Cheese
Bagel	Peanut Butter Sandwhich	Pancakes	Chik Patty
Cereal	Chicken	Pancakes	Chik Patty	Chicken Cup of Noodles
Vitamins	Peanut Butter Sandwhich	Corn Dog	Pancakes	Chik Patty	Babybell Cheese
Cereal	Corn Dog	Chicken	Pancakes	Quesadilla
Vitamins	Peanut Butter Sandwhich	Chicken Nuggets	Pancakes	Quesadilla	Chik Patty
Cereal	Pizza	Eggo Waffle	Chicken Nuggets	Tater Tots	Babybell Cheese
Vitamins	Cereal	Eggo Waffle	Chicken Nuggets	Cheese Sandwhich	Chik Patty
Peanut Butter Sandwhich	Cereal	Cheese Sandwhich
Vitamins	Peanut Butter Sandwhich	Cereal	Eggo Waffle	Chik Patty
Vitamins	Cereal	Eggo Waffle	Chicken Nuggets	Tater Tots	Chik Patty
Vitamins	Cereal	Hot Dog	Chicken Nuggets	Cheese Sandwhich	Chik Patty
Cereal	Pizza	Eggo Waffle	Chicken Nuggets	Chicken Cup of Noodles	Babybell Cheese
Peanut Butter Sandwhich	Corn Dog	Pizza	Pancakes	Babybell Cheese
Vitamins	Peanut Butter Sandwhich	Cereal	Corn Dog	Quesadilla
Cereal	Corn Dog	Chik Patty	Chicken Cup of Noodles	Babybell Cheese
Vitamins	Bagel	Peanut Butter Sandwhich	Pancakes
Vitamins	Peanut Butter Sandwhich	Cereal	Corn Dog	Chicken Nuggets	Cheese Sandwhich
Bagel	Cereal	Chik Patty	Chicken Cup of Noodles	Babybell Cheese
Vitamins	Bagel	Cheese Sandwhich	Chik Patty	Babybell Cheese
Vitamins	Cereal	Hot Dog	Pancakes	Chik Patty	Babybell Cheese
Vitamins	Peanut Butter Sandwhich	Cereal	Chicken Nuggets	Pancakes	Quesadilla	Babybell Cheese
Vitamins	Cereal	Hot Dog	Chicken Nuggets	Chik Patty	Chicken Cup of Noodles
Vitamins	Cereal	Pizza	Tater Tots	Chik Patty	Babybell Cheese
Vitamins	Pizza	Eggo Waffle	Pancakes	Chik Patty	Babybell Cheese
Cereal	Corn Dog	Chicken Nuggets	Tater Tots	Pancakes
Vitamins	Cereal	Chicken Nuggets	Pancakes	Chik Patty	Babybell Cheese
Cereal	Pizza	Eggo Waffle	Chicken Nuggets	Quesadilla
Cereal	Pizza	Eggo Waffle	Chicken Nuggets	Pancakes	Babybell Cheese
Vitamins	Cereal	Pizza	Chicken	Pancakes	Babybell Cheese
Bagel	Corn Dog	Chicken Nuggets	Cheese Sandwhich
Vitamins	Corn Dog	Pizza	Eggo Waffle	Pancakes	Babybell Cheese
Bagel	Corn Dog	Pancakes	Babybell Cheese
Cereal	Corn Dog	Hot Dog	Eggo Waffle	Chicken Nuggets
Peanut Butter Sandwhich	Cereal	Hot Dog	Chicken Nuggets	Pancakes
Eggo Waffle	Chicken Nuggets	Pancakes	Quesadilla	Chik Patty	Babybell Cheese
Pizza	Eggo Waffle	Chicken Nuggets	Chik Patty	Chicken Cup of Noodles
Cereal	Tater Tots	Pancakes	Chik Patty	Babybell Cheese
Cereal	Eggo Waffle	Chik Patty	Chicken Cup of Noodles	Babybell Cheese
Pizza	Chicken Nuggets	Pancakes	Quesadilla	Chik Patty
Vitamins	Eggo Waffle	Chicken Nuggets	Pancakes	Chik Patty	Babybell Cheese
Peanut Butter Sandwhich	Pancakes	Cheese Sandwhich	Chik Patty
Vitamins	Bagel	Corn Dog	Eggo Waffle	Chik Patty	Babybell Cheese
Vitamins	Cereal	Corn Dog	Eggo Waffle	Chicken Nuggets	Quesadilla	Chik Patty
Vitamins	Cereal	Eggo Waffle	Chicken Nuggets	Cheese Sandwhich	Babybell Cheese
Corn Dog	Eggo Waffle	Cheese Sandwhich	Chik Patty
Cereal	Hot Dog	Pancakes	Chik Patty
Vitamins	Peanut Butter Sandwhich	Cereal	Eggo Waffle	Chicken Nuggets	Chicken Cup of Noodles
Hot Dog	Eggo Waffle	Pancakes	Chik Patty	Babybell Cheese
Bagel	Eggo Waffle	Chicken Nuggets	Chik Patty
Peanut Butter Sandwhich	Cereal	Chicken Cup of Noodles
Cereal	Corn Dog	Pizza	Eggo Waffle	Babybell Cheese
Vitamins	Bagel	Pancakes	Chik Patty	Babybell Cheese
Peanut Butter Sandwhich	Chicken Nuggets	Pancakes	Cheese Sandwhich	Chik Patty
Cereal	Corn Dog	Chicken Nuggets	Chik Patty	Chicken Cup of Noodles
Vitamins	Bagel	Eggo Waffle	Chicken Nuggets	Chicken Cup of Noodles
Cereal	Pizza	Chicken Nuggets	Chik Patty	Chicken Cup of Noodles	Babybell Cheese
Cereal	Eggo Waffle	Chicken Nuggets	Chicken Cup of Noodles	Babybell Cheese
Vitamins	Peanut Butter Sandwhich	Corn Dog	Chicken Nuggets	Pancakes	Babybell Cheese
Vitamins	Cereal	Corn Dog	Pancakes	Chik Patty
Vitamins	Cereal	Pizza	Chicken	Pancakes
Vitamins	Peanut Butter Sandwhich	Cereal	Hot Dog	Eggo Waffle	Chicken Nuggets
Vitamins	Cereal	Corn Dog	Chicken Nuggets	Pancakes	Chik Patty
Pizza	Eggo Waffle	Chicken Nuggets	Cheese Sandwhich	Chik Patty
Vitamins	Bagel	Cereal	Hot Dog	Babybell Cheese
Vitamins	Cereal	Eggo Waffle	Tater Tots	Chik Patty	Babybell Cheese
Pizza	Eggo Waffle	Chicken Nuggets	Pancakes	Quesadilla	Babybell Cheese
Corn Dog	Eggo Waffle	Chicken	Pancakes	Quesadilla
Vitamins	Cereal	Eggo Waffle	Chicken Nuggets	Cheese Sandwhich
Peanut Butter Sandwhich	Pizza	Pancakes	Chik Patty	Babybell Cheese
Cereal	Eggo Waffle	Chicken Nuggets	Chik Patty
Cereal	Corn Dog	Eggo Waffle	Chicken Nuggets	Cheese Sandwhich
Cereal	Corn Dog	Chicken Nuggets	Pancakes	Quesadilla
Bagel	Peanut Butter Sandwhich	Cereal
Vitamins	Peanut Butter Sandwhich	Cereal	Chicken	Pancakes
Peanut Butter Sandwhich	Cereal	Chicken Nuggets	Tater Tots	Pancakes
Vitamins	Cereal	Corn Dog	Tater Tots	Chicken	Pancakes
Cereal	Corn Dog	Pizza	Cheese Sandwhich	Chik Patty	Babybell Cheese
Vitamins	Peanut Butter Sandwhich	Cereal	Pizza	Quesadilla
Vitamins	Pizza	Chicken Nuggets	Tater Tots	Pancakes	Chik Patty
Peanut Butter Sandwhich	Corn Dog	Pizza	Pancakes
Peanut Butter Sandwhich	Pizza	Chicken Nuggets	Pancakes
Vitamins	Bagel	Cereal	Chicken Nuggets	Tater Tots
Vitamins	Peanut Butter Sandwhich	Cereal	Corn Dog	Chicken Nuggets	Chicken Cup of Noodles
Vitamins	Cereal	Corn Dog	Chicken Nuggets	Chik Patty	Chicken Cup of Noodles
Vitamins	Cereal	Chicken Nuggets	Pancakes	Quesadilla	Chik Patty
Corn Dog	Pizza	Eggo Waffle	Chicken Nuggets	Chicken Cup of Noodles
Vitamins	Bagel	Cereal	Chik Patty
Vitamins	Peanut Butter Sandwhich	Pancakes	Chik Patty	Chicken Cup of Noodles
Corn Dog	Chicken Nuggets	Pancakes	Quesadilla	Chik Patty	Babybell Cheese
Vitamins	Cereal	Eggo Waffle	Chicken Nuggets	Chicken	Pancakes	Babybell Cheese
Vitamins	Peanut Butter Sandwhich	Cereal	Eggo Waffle	Chicken Nuggets	Chik Patty
Vitamins	Bagel	Eggo Waffle	Chik Patty	Babybell Cheese
Peanut Butter Sandwhich	Cereal	Pancakes	Quesadilla
Cereal	Pizza	Eggo Waffle	Chik Patty
Peanut Butter Sandwhich	Pancakes	Chik Patty	Babybell Cheese
Vitamins	Peanut Butter Sandwhich	Pizza	Chicken Nuggets	Pancakes
Vitamins	Chicken	Pancakes	Cheese Sandwhich	Chicken Cup of Noodles
Bagel	Cereal	Cheese Sandwhich	Babybell Cheese
Cereal	Corn Dog	Pizza	Chicken Nuggets	Chicken Cup of Noodles	Babybell Cheese
Vitamins	Bagel	Pizza	Chicken Nuggets	Chik Patty
Vitamins	Cereal	Corn Dog	Chik Patty	Chicken Cup of Noodles
Peanut Butter Sandwhich	Cereal	Pizza	Chicken Nuggets	Pancakes	Babybell Cheese
Vitamins	Cereal	Eggo Waffle	Chicken	Pancakes	Chik Patty	Babybell Cheese
Vitamins	Peanut Butter Sandwhich	Hot Dog	Pancakes	Babybell Cheese
Vitamins	Peanut Butter Sandwhich	Cereal	Pizza	Eggo Waffle
Cereal	Eggo Waffle	Chicken Nuggets	Quesadilla	Cheese Sandwhich
Corn Dog	Chicken Nuggets	Pancakes	Cheese Sandwhich	Chik Patty
Peanut Butter Sandwhich	Chicken Nuggets	Pancakes	Cheese Sandwhich
Cereal	Corn Dog	Pizza	Eggo Waffle	Chicken Nuggets	Chik Patty
Vitamins	Cereal	Chicken Nuggets	Cheese Sandwhich	Chicken Cup of Noodles	Babybell Cheese
Peanut Butter Sandwhich	Cereal	Pizza	Pancakes	Chik Patty
Bagel	Pizza	Cheese Sandwhich	Babybell Cheese
Peanut Butter Sandwhich	Cereal	Eggo Waffle	Chicken Nuggets	Cheese Sandwhich
Vitamins	Bagel	Cereal	Corn Dog	Babybell Cheese
Vitamins	Corn Dog	Pizza	Chicken Nuggets	Pancakes	Chik Patty
Peanut Butter Sandwhich	Pizza	Eggo Waffle	Chicken Nuggets	Pancakes
Vitamins	Cereal	Corn Dog	Hot Dog	Chicken Nuggets	Pancakes	Babybell Cheese
Vitamins	Pizza	Eggo Waffle	Chicken Nuggets	Tater Tots	Chik Patty
Vitamins	Pizza	Chicken Nuggets	Pancakes	Quesadilla	Chik Patty
Bagel	Cereal	Corn Dog	Quesadilla
Cereal	Corn Dog	Pizza	Eggo Waffle
Corn Dog	Pizza	Chicken Nuggets	Pancakes	Chik Patty	Babybell Cheese
Cereal	Eggo Waffle	Chicken Nuggets	Cheese Sandwhich	Chik Patty
Vitamins	Peanut Butter Sandwhich	Corn Dog	Chicken Nuggets	Pancakes	Quesadilla
Vitamins	Cereal	Corn Dog	Pizza	Chicken Nuggets	Cheese Sandwhich
Cereal	Pizza	Chicken Nuggets	Pancakes	Quesadilla	Babybell Cheese
Hot Dog	Chicken Nuggets	Pancakes	Chik Patty	Chicken Cup of Noodles
Vitamins	Peanut Butter Sandwhich	Cereal	Pizza	Pancakes
Corn Dog	Pizza	Chicken Nuggets	Pancakes	Cheese Sandwhich
Vitamins	Peanut Butter Sandwhich	Cereal	Pizza	Quesadilla	Chik Patty
Bagel	Cereal	Chicken Nuggets	Tater Tots	Babybell Cheese
Peanut Butter Sandwhich	Cereal	Chicken Nuggets	Pancakes	Quesadilla	Babybell Cheese
Eggo Waffle	Chicken Nuggets	Tater Tots	Pancakes	Babybell Cheese
Vitamins	Peanut Butter Sandwhich	Cereal	Pancakes
Bagel	Peanut Butter Sandwhich	Cereal	Chik Patty
Vitamins	Peanut Butter Sandwhich	Chicken Nuggets	Pancakes	Chik Patty
Bagel	Cereal	Quesadilla	Chik Patty
Cereal	Corn Dog	Pancakes	Chik Patty	Babybell Cheese
Bagel	Cereal	Pancakes	Babybell Cheese
Corn Dog	Pizza	Chicken Nuggets	Pancakes	Chicken Cup of Noodles
Vitamins	Cereal	Tater Tots	Chicken	Pancakes	Chik Patty
Cereal	Hot Dog	Eggo Waffle	Chik Patty	Babybell Cheese
Peanut Butter Sandwhich	Cereal	Eggo Waffle	Quesadilla
Cereal	Pizza	Chicken Nuggets	Quesadilla	Chik Patty
Vitamins	Cereal	Corn Dog	Pizza	Chicken	Pancakes
Bagel	Pizza	Chicken Cup of Noodles
Bagel	Eggo Waffle	Chicken Nuggets	Tater Tots
Cereal	Pizza	Cheese Sandwhich	Chik Patty	Babybell Cheese
Peanut Butter Sandwhich	Chicken Nuggets	Tater Tots	Pancakes
Vitamins	Bagel	Hot Dog	Pizza
Vitamins	Peanut Butter Sandwhich	Cereal	Pancakes	Chicken Cup of Noodles	Babybell Cheese
Bagel	Cereal	Chicken Nuggets	Chik Patty	Babybell Cheese
Vitamins	Peanut Butter Sandwhich	Corn Dog	Eggo Waffle	Chicken Nuggets	Pancakes
Vitamins	Peanut Butter Sandwhich	Chicken Nuggets	Pancakes	Chicken Cup of Noodles
Vitamins	Bagel	Cereal	Eggo Waffle	Chicken
Bagel	Corn Dog	Eggo Waffle	Chik Patty
Vitamins	Cereal	Corn Dog	Chicken Nuggets	Pancakes	Chicken Cup of Noodles	Babybell Cheese
Cereal	Eggo Waffle	Chicken	Pancakes	Chik Patty
Bagel	Cereal	Hot Dog
Cereal	Corn Dog	Hot Dog	Chicken Nuggets	Pancakes
Eggo Waffle	Chicken	Pancakes	Chicken Cup of Noodles
Vitamins	Cereal	Eggo Waffle	Chicken	Pancakes
Vitamins	Cereal	Pizza	Chicken Nuggets	Quesadilla	Cheese Sandwhich
Eggo Waffle	Chicken Nuggets	Pancakes	Chik Patty
Peanut Butter Sandwhich	Chicken Nuggets	Pancakes	Quesadilla
Cereal	Corn Dog	Pizza	Eggo Waffle	Chik Patty
Vitamins	Eggo Waffle	Chicken Nuggets	Tater Tots	Pancakes	Babybell Cheese
Bagel	Eggo Waffle	Chicken Nuggets	Pancakes
Peanut Butter Sandwhich	Cereal	Pancakes	Chicken Cup of Noodles	Babybell Cheese
Hot Dog	Eggo Waffle	Chicken Nuggets	Pancakes	Chik Patty
Vitamins	Cereal	Eggo Waffle	Chicken	Pancakes	Chicken Cup of Noodles
Cereal	Chicken Nuggets	Chicken	Pancakes	Chicken Cup of Noodles
Vitamins	Peanut Butter Sandwhich	Cereal	Corn Dog	Eggo Waffle	Chicken Nuggets
Vitamins	Cereal	Corn Dog	Eggo Waffle	Chicken Nuggets	Pancakes	Babybell Cheese
Bagel	Peanut Butter Sandwhich	Cereal	Eggo Waffle
Peanut Butter Sandwhich	Cereal	Corn Dog	Chicken Nuggets	Pancakes	Babybell Cheese
Vitamins	Cereal	Corn Dog	Eggo Waffle	Chik Patty	Babybell Cheese
Corn Dog	Eggo Waffle	Chicken Nuggets	Chik Patty	Chicken Cup of Noodles
Bagel	Cheese Sandwhich	Chik Patty
Cereal	Corn Dog	Pizza	Chicken Nuggets	Chik Patty
Vitamins	Bagel	Corn Dog	Pancakes	Babybell Cheese
Vitamins	Cereal	Corn Dog	Hot Dog	Eggo Waffle
Vitamins	Chicken Nuggets	Tater Tots	Pancakes	Chik Patty
Peanut Butter Sandwhich	Cereal	Eggo Waffle	Tater Tots
Peanut Butter Sandwhich	Cereal	Eggo Waffle	Chicken Nuggets	Chicken Cup of Noodles
Peanut Butter Sandwhich	Eggo Waffle	Chicken Nuggets	Pancakes	Quesadilla	Babybell Cheese
Vitamins	Bagel	Pizza	Eggo Waffle
Cereal	Corn Dog	Eggo Waffle	Chicken Cup of Noodles	Babybell Cheese
Cereal	Chicken	Pancakes	Quesadilla	Cheese Sandwhich
Vitamins	Eggo Waffle	Chicken Nuggets	Pancakes	Chicken Cup of Noodles	Babybell Cheese
Vitamins	Cereal	Pizza	Pancakes	Quesadilla	Babybell Cheese
Bagel	Eggo Waffle	Pancakes
Vitamins	Bagel	Chik Patty	Chicken Cup of Noodles
Peanut Butter Sandwhich	Corn Dog	Pancakes	Chicken Cup of Noodles
Corn Dog	Pizza	Eggo Waffle	Chicken Nuggets	Cheese Sandwhich
Peanut Butter Sandwhich	Cereal	Eggo Waffle	Chicken Nuggets	Pancakes
Cereal	Chicken	Pancakes	Chicken Cup of Noodles	Babybell Cheese
Vitamins	Cereal	Pizza	Eggo Waffle	Quesadilla
Vitamins	Cereal	Eggo Waffle	Chicken	Pancakes	Babybell Cheese
Bagel	Peanut Butter Sandwhich	Cereal	Chicken Nuggets	Babybell Cheese
Bagel	Corn Dog	Chicken Nuggets	Chicken Cup of Noodles
Vitamins	Cereal	Corn Dog	Pizza	Chicken Cup of Noodles	Babybell Cheese
Peanut Butter Sandwhich	Cereal	Pancakes	Chik Patty	Babybell Cheese
Peanut Butter Sandwhich	Corn Dog	Chicken Nuggets	Pancakes	Quesadilla
Chicken Nuggets	Pancakes	Cheese Sandwhich	Chik Patty	Babybell Cheese
Peanut Butter Sandwhich	Cereal	Corn Dog	Pancakes	Chik Patty
Vitamins	Peanut Butter Sandwhich	Pizza	Eggo Waffle	Pancakes	Babybell Cheese
Vitamins	Pizza	Chicken Nuggets	Tater Tots	Pancakes	Babybell Cheese
Peanut Butter Sandwhich	Pizza	Pancakes	Chik Patty
Peanut Butter Sandwhich	Eggo Waffle	Pancakes	Babybell Cheese
Peanut Butter Sandwhich	Corn Dog	Chicken Nuggets	Pancakes	Chik Patty
Vitamins	Bagel	Peanut Butter Sandwhich	Pancakes	Babybell Cheese
Vitamins	Peanut Butter Sandwhich	Pancakes	Chik Patty
Peanut Butter Sandwhich	Cereal	Pizza	Cheese Sandwhich
Peanut Butter Sandwhich	Cereal	Pancakes	Quesadilla	Chik Patty	Babybell Cheese
Vitamins	Bagel	Pizza	Quesadilla
Vitamins	Cereal	Chicken	Pancakes	Chik Patty	Chicken Cup of Noodles
Vitamins	Bagel	Peanut Butter Sandwhich	Eggo Waffle
Cereal	Pizza	Eggo Waffle	Quesadilla	Chik Patty
Cereal	Corn Dog	Eggo Waffle	Chicken Nuggets	Tater Tots	Chik Patty
Vitamins	Bagel	Cereal	Eggo Waffle	Chicken Nuggets
Cereal	Pizza	Eggo Waffle	Chicken Nuggets	Chik Patty
Cereal	Corn Dog	Eggo Waffle	Pancakes	Babybell Cheese
Vitamins	Bagel	Pizza	Chik Patty
Vitamins	Peanut Butter Sandwhich	Cereal	Eggo Waffle	Quesadilla
Bagel	Pizza	Eggo Waffle	Chicken Nuggets
Vitamins	Corn Dog	Eggo Waffle	Chicken Nuggets	Pancakes	Quesadilla
Eggo Waffle	Chicken Nuggets	Tater Tots	Pancakes	Chik Patty
Vitamins	Bagel	Peanut Butter Sandwhich	Cereal	Chik Patty
Cereal	Chicken	Pancakes	Quesadilla	Chik Patty
Peanut Butter Sandwhich	Cereal	Eggo Waffle	Chicken Nuggets	Chicken Cup of Noodles	Babybell Cheese
Corn Dog	Chicken Nuggets	Pancakes	Cheese Sandwhich	Chik Patty	Babybell Cheese
Vitamins	Cereal	Pizza	Chicken Nuggets	Chik Patty	Chicken Cup of Noodles	Babybell Cheese
Vitamins	Cereal	Pizza	Chik Patty	Chicken Cup of Noodles	Babybell Cheese
Vitamins	Peanut Butter Sandwhich	Cereal	Pizza	Eggo Waffle	Babybell Cheese
Vitamins	Peanut Butter Sandwhich	Cereal	Pancakes	Quesadilla	Babybell Cheese
Cereal	Hot Dog	Pizza	Chicken Nuggets	Pancakes
Vitamins	Bagel	Cereal	Chicken Nuggets	Tater Tots	Babybell Cheese
Vitamins	Cereal	Hot Dog	Chicken	Pancakes
Bagel	Pizza	Chicken Nuggets	Quesadilla
Peanut Butter Sandwhich	Pancakes	Quesadilla	Chik Patty
Vitamins	Bagel	Chicken Nuggets	Tater Tots	Chik Patty
Bagel	Cereal	Hot Dog	Chik Patty
Bagel	Cereal	Tater Tots
Peanut Butter Sandwhich	Cereal	Chicken Nuggets	Pancakes
Vitamins	Peanut Butter Sandwhich	Corn Dog	Chicken Nuggets	Pancakes	Chik Patty
Vitamins	Cereal	Eggo Waffle	Chicken Nuggets	Quesadilla	Chik Patty
Vitamins	Cereal	Eggo Waffle	Chicken	Quesadilla	Chicken Cup of Noodles
Peanut Butter Sandwhich	Cereal	Pancakes
Bagel	Pizza	Eggo Waffle	Chik Patty
Cereal	Eggo Waffle	Chicken Nuggets	Chicken	Pancakes
Vitamins	Chicken Nuggets	Tater Tots	Pancakes	Chik Patty	Babybell Cheese
Pizza	Chicken Nuggets	Pancakes	Quesadilla	Chik Patty	Babybell Cheese
Bagel	Cereal	Pizza	Chicken Nuggets	Babybell Cheese
Vitamins	Peanut Butter Sandwhich	Eggo Waffle	Pancakes	Chik Patty	Babybell Cheese
Vitamins	Cereal	Chicken Nuggets	Pancakes	Chik Patty	Chicken Cup of Noodles	Babybell Cheese
Cereal	Corn Dog	Eggo Waffle	Chicken Nuggets	Pancakes	Chik Patty	Babybell Cheese
Vitamins	Cereal	Chicken	Pancakes	Quesadilla	Babybell Cheese
Vitamins	Peanut Butter Sandwhich	Cereal	Eggo Waffle	Pancakes	Babybell Cheese
Vitamins	Cereal	Chicken Nuggets	Tater Tots	Pancakes	Chik Patty	Babybell Cheese
Vitamins	Hot Dog	Pizza	Chicken Nuggets	Pancakes	Babybell Cheese
Bagel	Cereal	Corn Dog	Chicken Nuggets	Chik Patty
Vitamins	Corn Dog	Pizza	Eggo Waffle	Chicken Nuggets	Pancakes
Vitamins	Peanut Butter Sandwhich	Eggo Waffle	Chik Patty	Chicken Cup of Noodles
Vitamins	Cereal	Pizza	Quesadilla	Chik Patty
Bagel	Cereal	Chicken Cup of Noodles	Babybell Cheese
Pizza	Eggo Waffle	Chicken Nuggets	Pancakes	Quesadilla
Vitamins	Peanut Butter Sandwhich	Corn Dog	Pizza	Pancakes	Babybell Cheese
Cereal	Chicken Nuggets	Pancakes	Chik Patty	Chicken Cup of Noodles	Babybell Cheese
Bagel	Cereal	Eggo Waffle	Chicken Nuggets	Babybell Cheese
Vitamins	Peanut Butter Sandwhich	Cereal	Corn Dog	Pizza	Eggo Waffle
Bagel	Cereal	Chik Patty	Babybell Cheese
Vitamins	Cereal	Corn Dog	Pizza	Eggo Waffle	Chicken Nuggets	Babybell Cheese
Peanut Butter Sandwhich	Cereal	Pancakes	Quesadilla	Babybell Cheese
Vitamins	Cereal	Corn Dog	Hot Dog	Chik Patty
Vitamins	Peanut Butter Sandwhich	Cereal	Eggo Waffle	Chicken Cup of Noodles	Babybell Cheese
Vitamins	Eggo Waffle	Chicken Nuggets	Pancakes	Quesadilla	Babybell Cheese
Vitamins	Cereal	Corn Dog	Chicken	Pancakes	Babybell Cheese
Cereal	Pizza	Chicken Nuggets	Tater Tots	Pancakes
Vitamins	Peanut Butter Sandwhich	Cereal	Corn Dog	Chicken Nuggets	Pancakes	Babybell Cheese
Cereal	Eggo Waffle	Chicken Nuggets	Cheese Sandwhich	Babybell Cheese
Vitamins	Bagel	Cereal	Quesadilla	Chik Patty
Cereal	Chicken	Pancakes	Cheese Sandwhich
Vitamins	Pizza	Eggo Waffle	Chicken Nuggets	Pancakes	Babybell Cheese
Vitamins	Cereal	Corn Dog	Pizza	Chicken Nuggets	Tater Tots	Babybell Cheese
Vitamins	Cereal	Tater Tots	Chicken	Pancakes
Peanut Butter Sandwhich	Eggo Waffle	Chicken Nuggets	Pancakes
Bagel	Cereal	Chicken Nuggets	Quesadilla
Vitamins	Bagel	Cereal	Corn Dog	Pizza
Vitamins	Corn Dog	Eggo Waffle	Chicken	Pancakes
Vitamins	Cereal	Eggo Waffle	Chicken	Pancakes	Chik Patty
Vitamins	Cereal	Pizza	Chicken Nuggets	Pancakes	Quesadilla	Babybell Cheese
Peanut Butter Sandwhich	Cereal	Chicken Nuggets	Tater Tots	Pancakes	Babybell Cheese
Cereal	Chicken Nuggets	Tater Tots	Pancakes	Chik Patty	Babybell Cheese
Vitamins	Cereal	Chicken	Pancakes	Cheese Sandwhich
Bagel	Peanut Butter Sandwhich	Cereal	Quesadilla
Cereal	Hot Dog	Eggo Waffle	Chicken Nuggets	Chik Patty
Cereal	Eggo Waffle	Chicken	Pancakes	Chicken Cup of Noodles
Eggo Waffle	Chicken	Pancakes	Chik Patty	Chicken Cup of Noodles
Bagel	Chicken Nuggets	Quesadilla	Cheese Sandwhich
Peanut Butter Sandwhich	Cereal	Chik Patty	Chicken Cup of Noodles
Cereal	Corn Dog	Chicken Nuggets	Chik Patty	Chicken Cup of Noodles	Babybell Cheese
Corn Dog	Chicken Nuggets	Pancakes	Quesadilla	Chik Patty
Vitamins	Cereal	Corn Dog	Pizza	Cheese Sandwhich	Babybell Cheese
Peanut Butter Sandwhich	Cereal	Chicken Nuggets	Chicken Cup of Noodles
Vitamins	Cereal	Corn Dog	Hot Dog	Pizza	Chicken Nuggets
Corn Dog	Eggo Waffle	Chicken Nuggets	Pancakes	Chicken Cup of Noodles	Babybell Cheese
Vitamins	Peanut Butter Sandwhich	Cereal	Quesadilla	Chik Patty
Cereal	Corn Dog	Pizza	Chicken Nuggets	Cheese Sandwhich
Vitamins	Bagel	Chicken Nuggets	Chik Patty	Chicken Cup of Noodles
Peanut Butter Sandwhich	Cereal	Pizza	Eggo Waffle	Chicken Nuggets
Vitamins	Hot Dog	Pizza	Eggo Waffle	Chik Patty
Vitamins	Cereal	Corn Dog	Chicken	Pancakes
Vitamins	Peanut Butter Sandwhich	Cereal	Corn Dog	Cheese Sandwhich	Babybell Cheese
Vitamins	Peanut Butter Sandwhich	Cereal	Chicken Nuggets	Tater Tots	Pancakes
Cereal	Chicken Nuggets	Pancakes	Chik Patty
Vitamins	Bagel	Corn Dog	Eggo Waffle	Chicken Nuggets	Babybell Cheese
Cereal	Corn Dog	Chicken	Pancakes	Chicken Cup of Noodles
Vitamins	Bagel	Corn Dog	Chicken Cup of Noodles	Babybell Cheese
Vitamins	Peanut Butter Sandwhich	Cereal	Corn Dog	Chicken Cup of Noodles	Babybell Cheese
Vitamins	Cereal	Chicken	Pancakes	Quesadilla	Chik Patty
Cereal	Eggo Waffle	Chicken Nuggets	Chik Patty	Chicken Cup of Noodles	Babybell Cheese
Cereal	Chicken	Pancakes	Cheese Sandwhich	Chik Patty
Peanut Butter Sandwhich	Eggo Waffle	Pancakes	Chik Patty	Babybell Cheese
Vitamins	Corn Dog	Pizza	Eggo Waffle	Chicken Nuggets	Tater Tots
Vitamins	Cereal	Chicken	Pancakes	Chicken Cup of Noodles	Babybell Cheese
Vitamins	Peanut Butter Sandwhich	Cereal	Pizza	Eggo Waffle	Chicken Nuggets
Cereal	Corn Dog	Pizza	Chicken Nuggets	Cheese Sandwhich	Babybell Cheese
Corn Dog	Hot Dog	Chicken Nuggets	Pancakes	Chik Patty
Vitamins	Cereal	Corn Dog	Chicken Nuggets	Pancakes	Chik Patty	Babybell Cheese
Cereal	Chicken Nuggets	Pancakes	Chik Patty	Babybell Cheese
Cereal	Eggo Waffle	Tater Tots	Chicken	Pancakes	Babybell Cheese
Cereal	Pizza	Eggo Waffle	Tater Tots
Corn Dog	Pizza	Chicken Nuggets	Pancakes	Quesadilla
Bagel	Pizza	Cheese Sandwhich
Vitamins	Bagel	Peanut Butter Sandwhich	Cereal	Corn Dog
Vitamins	Bagel	Cereal	Chicken Nuggets	Chicken Cup of Noodles	Babybell Cheese
Hot Dog	Eggo Waffle	Chicken Nuggets	Pancakes	Chik Patty	Babybell Cheese
Vitamins	Peanut Butter Sandwhich	Corn Dog	Pancakes	Quesadilla
Bagel	Cereal	Chicken Nuggets	Chicken Cup of Noodles	Babybell Cheese
Vitamins	Bagel	Cereal	Hot Dog
Vitamins	Cereal	Corn Dog	Eggo Waffle	Chicken	Pancakes	Babybell Cheese
Cereal	Eggo Waffle	Chicken Nuggets	Quesadilla	Chik Patty	Babybell Cheese
Cereal	Corn Dog	Cheese Sandwhich	Chik Patty	Babybell Cheese
Vitamins	Corn Dog	Pizza	Chicken Nuggets	Pancakes	Quesadilla
Peanut Butter Sandwhich	Cereal	Hot Dog	Pancakes
Eggo Waffle	Chicken Nuggets	Pancakes	Cheese Sandwhich	Chik Patty	Babybell Cheese
Peanut Butter Sandwhich	Cereal	Eggo Waffle	Chicken	Pancakes
Peanut Butter Sandwhich	Cereal	Chicken Nuggets	Pancakes	Chicken Cup of Noodles	Babybell Cheese
Vitamins	Peanut Butter Sandwhich	Cereal	Pizza	Chicken Nuggets	Pancakes
Cereal	Hot Dog	Chicken Nuggets	Pancakes	Chik Patty	Babybell Cheese
Bagel	Cereal	Chicken Cup of Noodles
Vitamins	Cereal	Chicken Nuggets	Chicken	Pancakes	Quesadilla
Vitamins	Eggo Waffle	Chicken Nuggets	Pancakes	Quesadilla	Chik Patty	Babybell Cheese
Cereal	Pizza	Chicken Nuggets	Pancakes	Chik Patty	Babybell Cheese
Vitamins	Cereal	Hot Dog	Chicken Nuggets	Pancakes	Babybell Cheese
Bagel	Peanut Butter Sandwhich	Cereal	Eggo Waffle	Babybell Cheese
Vitamins	Bagel	Hot Dog	Eggo Waffle
Vitamins	Peanut Butter Sandwhich	Cereal	Chicken Nuggets	Pancakes	Quesadilla
Hot Dog	Chicken Nuggets	Pancakes	Chik Patty
Cereal	Pizza	Eggo Waffle	Chicken	Pancakes
Vitamins	Peanut Butter Sandwhich	Cereal	Corn Dog	Pancakes	Babybell Cheese
Vitamins	Cereal	Corn Dog	Pizza	Chicken Nuggets	Pancakes	Babybell Cheese
Corn Dog	Chicken Nuggets	Pancakes	Chik Patty	Chicken Cup of Noodles	Babybell Cheese
Vitamins	Peanut Butter Sandwhich	Cereal	Corn Dog	Eggo Waffle
Peanut Butter Sandwhich	Chicken Nuggets	Pancakes	Chik Patty
Vitamins	Pizza	Chicken	Pancakes	Chicken Cup of Noodles
Eggo Waffle	Chicken	Pancakes	Quesadilla	Chik Patty
Peanut Butter Sandwhich	Chicken Nuggets	Pancakes	Chicken Cup of Noodles	Babybell Cheese
Cereal	Pizza	Eggo Waffle	Quesadilla
Vitamins	Peanut Butter Sandwhich	Corn Dog	Pizza	Pancakes
Eggo Waffle	Chicken Nuggets	Pancakes	Quesadilla	Chik Patty
Bagel	Cereal	Chicken Nuggets	Cheese Sandwhich	Babybell Cheese
Bagel	Corn Dog	Eggo Waffle	Chik Patty	Babybell Cheese
Peanut Butter Sandwhich	Cereal	Eggo Waffle	Chicken Nuggets	Pancakes	Babybell Cheese
Peanut Butter Sandwhich	Eggo Waffle	Chicken Nuggets	Pancakes	Babybell Cheese
Vitamins	Cereal	Eggo Waffle	Tater Tots	Chicken	Pancakes
Vitamins	Peanut Butter Sandwhich	Cereal	Hot Dog	Pancakes
Vitamins	Cereal	Corn Dog	Eggo Waffle	Chicken Nuggets	Quesadilla	Babybell Cheese
Vitamins	Corn Dog	Chicken Nuggets	Pancakes	Cheese Sandwhich	Chik Patty
Vitamins	Peanut Butter Sandwhich	Chicken Nuggets	Pancakes	Cheese Sandwhich
Peanut Butter Sandwhich	Corn Dog	Tater Tots	Pancakes
Cereal	Pizza	Eggo Waffle	Chik Patty	Babybell Cheese
Cereal	Hot Dog	Pancakes	Chik Patty	Babybell Cheese
Vitamins	Cereal	Pizza	Pancakes	Chik Patty	Babybell Cheese
Peanut Butter Sandwhich	Cereal	Corn Dog	Pizza	Eggo Waffle
Bagel	Peanut Butter Sandwhich	Cereal	Babybell Cheese
Peanut Butter Sandwhich	Cereal	Eggo Waffle	Chik Patty
Corn Dog	Pizza	Pancakes	Chik Patty
Corn Dog	Pizza	Chicken Nuggets	Tater Tots	Pancakes
Cereal	Corn Dog	Eggo Waffle	Chicken Nuggets	Pancakes	Babybell Cheese
Vitamins	Hot Dog	Eggo Waffle	Chicken Nuggets	Pancakes
Hot Dog	Pizza	Chicken Nuggets	Pancakes	Babybell Cheese
Vitamins	Cereal	Eggo Waffle	Chicken Nuggets	Chicken	Pancakes
Peanut Butter Sandwhich	Cereal	Pizza	Chicken Nuggets	Tater Tots
Vitamins	Peanut Butter Sandwhich	Cereal	Pizza	Tater Tots
Vitamins	Cereal	Hot Dog	Chicken Nuggets	Pancakes	Chik Patty	Babybell Cheese
Vitamins	Cereal	Corn Dog	Chicken Nuggets	Cheese Sandwhich	Chik Patty
Vitamins	Cereal	Eggo Waffle	Chicken Nuggets	Chicken Cup of Noodles	Babybell Cheese
Vitamins	Cereal	Eggo Waffle	Quesadilla	Chik Patty	Babybell Cheese
Vitamins	Cereal	Chicken Nuggets	Tater Tots	Chicken	Pancakes
Cereal	Hot Dog	Eggo Waffle	Chicken Nuggets	Pancakes	Babybell Cheese
Bagel	Chicken Nuggets	Tater Tots	Pancakes
Corn Dog	Eggo Waffle	Pancakes	Chik Patty
Vitamins	Bagel	Corn Dog	Chicken Nuggets	Chicken Cup of Noodles
Vitamins	Bagel	Pizza	Chicken Cup of Noodles	Babybell Cheese
Vitamins	Peanut Butter Sandwhich	Pizza	Pancakes	Quesadilla	Babybell Cheese
Bagel	Chicken Nuggets	Pancakes	Chik Patty
Vitamins	Peanut Butter Sandwhich	Pizza	Pancakes	Chik Patty
Vitamins	Cereal	Corn Dog	Pizza	Eggo Waffle	Chicken Nuggets
Vitamins	Corn Dog	Pizza	Cheese Sandwhich	Chik Patty
Vitamins	Cereal	Corn Dog	Chicken Nuggets	Pancakes	Quesadilla
Vitamins	Corn Dog	Eggo Waffle	Chicken Nuggets	Pancakes	Chik Patty
Corn Dog	Eggo Waffle	Chicken Nuggets	Pancakes	Chik Patty	Babybell Cheese
Vitamins	Peanut Butter Sandwhich	Eggo Waffle	Chicken Nuggets	Pancakes	Chik Patty	Babybell Cheese
Peanut Butter Sandwhich	Pizza	Pancakes	Quesadilla
Cereal	Chicken Nuggets	Pancakes	Quesadilla	Chik Patty	Babybell Cheese
Peanut Butter Sandwhich	Cereal	Chicken Nuggets	Pancakes	Chik Patty	Babybell Cheese
Cereal	Pizza	Quesadilla	Chik Patty
Vitamins	Cereal	Corn Dog	Eggo Waffle	Chicken Nuggets	Chicken Cup of Noodles
Vitamins	Peanut Butter Sandwhich	Eggo Waffle	Chicken Nuggets	Pancakes	Babybell Cheese
Vitamins	Bagel	Corn Dog	Eggo Waffle
Peanut Butter Sandwhich	Cereal	Eggo Waffle	Chicken Nuggets	Cheese Sandwhich	Babybell Cheese
Vitamins	Corn Dog	Eggo Waffle	Chicken	Pancakes	Chik Patty
Vitamins	Cereal	Eggo Waffle	Chik Patty	Chicken Cup of Noodles	Babybell Cheese
Cereal	Corn Dog	Chicken Nuggets	Pancakes	Chik Patty
Vitamins	Cereal	Eggo Waffle	Chicken	Pancakes	Quesadilla
Vitamins	Cereal	Hot Dog	Pizza	Chik Patty	Babybell Cheese
Peanut Butter Sandwhich	Cereal	Corn Dog	Eggo Waffle	Chik Patty
Vitamins	Peanut Butter Sandwhich	Chicken Nuggets	Pancakes	Chik Patty	Babybell Cheese
Vitamins	Cereal	Corn Dog	Chicken Nuggets	Tater Tots	Pancakes
Vitamins	Cereal	Pizza	Eggo Waffle	Chicken Nuggets	Quesadilla	Babybell Cheese
Cereal	Chicken	Pancakes	Quesadilla	Chicken Cup of Noodles
Vitamins	Cereal	Chicken Nuggets	Tater Tots	Pancakes	Chik Patty
Corn Dog	Eggo Waffle	Pancakes	Chik Patty	Babybell Cheese
Vitamins	Cereal	Tater Tots	Chicken	Pancakes	Quesadilla
Bagel	Corn Dog	Pizza	Eggo Waffle
Peanut Butter Sandwhich	Corn Dog	Pizza	Chicken Nuggets	Pancakes
Cereal	Corn Dog	Pizza	Cheese Sandwhich	Babybell Cheese
Cereal	Eggo Waffle	Chicken	Pancakes	Quesadilla
Bagel	Cereal	Cheese Sandwhich	Chik Patty	Babybell Cheese
Bagel	Cereal	Chicken Nuggets	Pancakes	Babybell Cheese
Eggo Waffle	Chicken Nuggets	Tater Tots	Pancakes	Chik Patty	Babybell Cheese
Corn Dog	Pizza	Eggo Waffle	Chik Patty
Vitamins	Peanut Butter Sandwhich	Eggo Waffle	Chicken Nuggets	Pancakes	Chik Patty
Vitamins	Corn Dog	Chicken Nuggets	Pancakes	Chik Patty	Chicken Cup of Noodles	Babybell Cheese
Vitamins	Peanut Butter Sandwhich	Pizza	Pancakes	Chik Patty	Babybell Cheese
Vitamins	Cereal	Corn Dog	Chicken	Pancakes	Chicken Cup of Noodles
Vitamins	Cereal	Pizza	Chicken Nuggets	Tater Tots	Chik Patty
Peanut Butter Sandwhich	Cereal	Pizza	Eggo Waffle	Chik Patty
Cereal	Hot Dog	Pizza	Pancakes	Babybell Cheese
Vitamins	Cereal	Corn Dog	Eggo Waffle	Chicken Nuggets	Cheese Sandwhich
Vitamins	Cereal	Chicken Nuggets	Pancakes	Quesadilla	Chik Patty	Babybell Cheese
Vitamins	Hot Dog	Eggo Waffle	Chicken Nuggets	Pancakes	Chik Patty
Cereal	Corn Dog	Pizza	Chik Patty	Chicken Cup of Noodles	Babybell Cheese
Cereal	Chicken Nuggets	Chicken	Pancakes	Cheese Sandwhich
Vitamins	Cereal	Pizza	Cheese Sandwhich	Chik Patty	Babybell Cheese
Bagel	Chicken Nuggets	Quesadilla	Chicken Cup of Noodles
Vitamins	Bagel	Cereal	Corn Dog	Chicken Nuggets
Peanut Butter Sandwhich	Chicken Nuggets	Pancakes	Quesadilla	Chik Patty
Vitamins	Bagel	Cereal	Hot Dog	Chik Patty
Peanut Butter Sandwhich	Eggo Waffle	Chicken Nuggets	Pancakes	Chik Patty
Corn Dog	Eggo Waffle	Chicken Nuggets	Pancakes	Quesadilla
Bagel	Peanut Butter Sandwhich	Chicken Nuggets	Pancakes
Vitamins	Peanut Butter Sandwhich	Corn Dog	Pancakes	Chik Patty
Bagel	Eggo Waffle	Chicken Nuggets	Pancakes	Babybell Cheese
Vitamins	Cereal	Chicken Nuggets	Chicken	Pancakes	Cheese Sandwhich
Vitamins	Cereal	Eggo Waffle	Chicken Nuggets	Chik Patty
Peanut Butter Sandwhich	Cereal	Chicken Nuggets	Cheese Sandwhich
Hot Dog	Pizza	Pancakes	Chik Patty
Vitamins	Peanut Butter Sandwhich	Cereal	Chik Patty	Chicken Cup of Noodles	Babybell Cheese
Vitamins	Corn Dog	Pizza	Pancakes	Chik Patty	Babybell Cheese
Vitamins	Peanut Butter Sandwhich	Pancakes	Cheese Sandwhich	Chik Patty
Vitamins	Peanut Butter Sandwhich	Chicken Nuggets	Pancakes	Cheese Sandwhich	Babybell Cheese
Cereal	Corn Dog	Eggo Waffle	Chicken	Pancakes	Babybell Cheese
Cereal	Corn Dog	Eggo Waffle	Chicken Nuggets	Quesadilla	Chik Patty	Babybell Cheese
Vitamins	Bagel	Cereal	Chicken Nuggets	Quesadilla	Babybell Cheese
Vitamins	Cereal	Chicken	Pancakes	Chik Patty
Cereal	Corn Dog	Hot Dog	Eggo Waffle	Chik Patty
Peanut Butter Sandwhich	Pancakes	Quesadilla	Chik Patty	Babybell Cheese
Peanut Butter Sandwhich	Cereal	Chicken	Pancakes	Chik Patty
Peanut Butter Sandwhich	Corn Dog	Pancakes	Chik Patty
Vitamins	Cereal	Corn Dog	Chicken Nuggets	Pancakes	Quesadilla	Babybell Cheese
Vitamins	Cereal	Hot Dog	Pizza	Eggo Waffle	Chicken Nuggets
Cereal	Eggo Waffle	Chicken	Pancakes	Cheese Sandwhich
Vitamins	Chicken Nuggets	Pancakes	Quesadilla	Chik Patty	Babybell Cheese
Vitamins	Bagel	Cereal	Chicken Cup of Noodles	Babybell Cheese
Vitamins	Bagel	Chicken Nuggets	Cheese Sandwhich	Chik Patty
Vitamins	Peanut Butter Sandwhich	Cereal	Chicken Nuggets	Cheese Sandwhich	Chik Patty
Vitamins	Eggo Waffle	Chicken Nuggets	Pancakes	Quesadilla	Chik Patty
Pizza	Eggo Waffle	Cheese Sandwhich	Chik Patty	Babybell Cheese
Vitamins	Cereal	Corn Dog	Pancakes	Chik Patty	Babybell Cheese
Vitamins	Bagel	Cereal	Hot Dog	Chicken Nuggets
Vitamins	Bagel	Corn Dog	Chicken Nuggets	Pancakes	Babybell Cheese
Vitamins	Cereal	Eggo Waffle	Chicken Nuggets	Tater Tots	Babybell Cheese
Peanut Butter Sandwhich	Cereal	Pizza	Pancakes	Babybell Cheese
Peanut Butter Sandwhich	Cereal	Corn Dog	Pizza	Quesadilla
Cereal	Eggo Waffle	Tater Tots	Chik Patty	Babybell Cheese
Pizza	Eggo Waffle	Pancakes	Chik Patty	Babybell Cheese
Peanut Butter Sandwhich	Cereal	Eggo Waffle	Chicken Nuggets	Quesadilla
Cereal	Eggo Waffle	Chicken	Pancakes	Quesadilla	Babybell Cheese
Vitamins	Peanut Butter Sandwhich	Cereal	Pancakes	Babybell Cheese
Vitamins	Cereal	Pizza	Chicken Nuggets	Tater Tots	Chik Patty	Babybell Cheese
Vitamins	Corn Dog	Chicken Nuggets	Pancakes	Cheese Sandwhich	Chik Patty	Babybell Cheese
Peanut Butter Sandwhich	Cereal	Pizza	Eggo Waffle	Chicken Nuggets	Babybell Cheese
Bagel	Eggo Waffle	Chicken Cup of Noodles	Babybell Cheese
Vitamins	Peanut Butter Sandwhich	Corn Dog	Pancakes	Quesadilla	Babybell Cheese
Cereal	Corn Dog	Pizza	Pancakes	Chik Patty	Babybell Cheese
Vitamins	Cereal	Chicken	Pancakes	Cheese Sandwhich	Babybell Cheese
Vitamins	Cereal	Eggo Waffle	Chicken Nuggets	Pancakes	Babybell Cheese
Vitamins	Peanut Butter Sandwhich	Cereal	Chicken Nuggets	Quesadilla	Chicken Cup of Noodles
Pizza	Chicken Nuggets	Pancakes	Cheese Sandwhich	Chik Patty
Peanut Butter Sandwhich	Chicken Nuggets	Pancakes	Chik Patty	Chicken Cup of Noodles
Vitamins	Pizza	Eggo Waffle	Chicken Nuggets	Chik Patty	Chicken Cup of Noodles
Vitamins	Cereal	Pizza	Eggo Waffle	Chik Patty
Cereal	Hot Dog	Pizza	Pancakes
Cereal	Corn Dog	Eggo Waffle	Chik Patty
Peanut Butter Sandwhich	Pizza	Eggo Waffle	Pancakes
Vitamins	Chicken Nuggets	Pancakes	Cheese Sandwhich	Chik Patty	Babybell Cheese
Vitamins	Bagel	Cereal	Corn Dog	Chik Patty
Vitamins	Cereal	Pizza	Chicken Nuggets	Cheese Sandwhich	Babybell Cheese
Vitamins	Cereal	Chicken Nuggets	Chicken	Pancakes	Chicken Cup of Noodles
Peanut Butter Sandwhich	Cereal	Eggo Waffle	Quesadilla	Chik Patty
Vitamins	Chicken Nuggets	Pancakes	Chik Patty	Chicken Cup of Noodles
Bagel	Cereal	Pizza	Quesadilla
Bagel	Cereal	Corn Dog	Chik Patty	Babybell Cheese
Peanut Butter Sandwhich	Eggo Waffle	Chicken Nuggets	Pancakes	Cheese Sandwhich
Vitamins	Pizza	Chicken	Pancakes	Cheese Sandwhich
Corn Dog	Pizza	Eggo Waffle	Chicken Nuggets	Pancakes	Babybell Cheese
Vitamins	Cereal	Corn Dog	Pizza	Chicken Nuggets	Chicken Cup of Noodles
Vitamins	Cereal	Corn Dog	Cheese Sandwhich	Chik Patty
Vitamins	Cereal	Corn Dog	Pizza	Pancakes	Babybell Cheese
Vitamins	Peanut Butter Sandwhich	Eggo Waffle	Chicken Nuggets	Pancakes
Vitamins	Bagel	Peanut Butter Sandwhich	Cereal	Chicken Nuggets
Peanut Butter Sandwhich	Cereal	Corn Dog	Pancakes	Babybell Cheese
Peanut Butter Sandwhich	Cereal	Corn Dog	Quesadilla	Chik Patty
Vitamins	Peanut Butter Sandwhich	Cereal	Chicken Nuggets	Pancakes	Babybell Cheese
Peanut Butter Sandwhich	Cereal	Eggo Waffle	Cheese Sandwhich	Babybell Cheese
Vitamins	Pizza	Chicken Nuggets	Pancakes	Chicken Cup of Noodles	Babybell Cheese
Vitamins	Bagel	Pizza	Cheese Sandwhich	Babybell Cheese
Vitamins	Cereal	Pizza	Chicken Nuggets	Pancakes	Chik Patty	Babybell Cheese
Vitamins	Cereal	Corn Dog	Chicken Nuggets	Chicken	Pancakes
Vitamins	Cereal	Pizza	Chicken Nuggets	Chicken Cup of Noodles	Babybell Cheese
Cereal	Eggo Waffle	Chicken Nuggets	Chicken	Pancakes	Babybell Cheese
Vitamins	Peanut Butter Sandwhich	Corn Dog	Chicken Nuggets	Pancakes
Vitamins	Cereal	Hot Dog	Pizza	Chicken Nuggets	Pancakes
Vitamins	Peanut Butter Sandwhich	Cereal	Chicken Nuggets	Quesadilla	Cheese Sandwhich
Vitamins	Cereal	Corn Dog	Chicken Nuggets	Tater Tots	Chik Patty
Cereal	Eggo Waffle	Chicken Nuggets	Chik Patty	Chicken Cup of Noodles
Peanut Butter Sandwhich	Eggo Waffle	Chicken Nuggets	Pancakes	Quesadilla
Cereal	Chicken Nuggets	Pancakes	Quesadilla	Chik Patty
Vitamins	Peanut Butter Sandwhich	Pizza	Pancakes	Babybell Cheese
Peanut Butter Sandwhich	Cereal	Pancakes	Chik Patty
Pizza	Eggo Waffle	Chicken Nuggets	Pancakes	Chik Patty	Babybell Cheese
Cereal	Corn Dog	Pizza	Eggo Waffle	Chicken Nuggets
Vitamins	Cereal	Pancakes	Quesadilla	Chik Patty	Babybell Cheese
Vitamins	Bagel	Chicken	Pancakes
Chicken Nuggets	Pancakes	Chik Patty	Chicken Cup of Noodles	Babybell Cheese
Vitamins	Cereal	Eggo Waffle	Chicken	Quesadilla	Cheese Sandwhich
Vitamins	Pizza	Eggo Waffle	Chicken Nuggets	Cheese Sandwhich
Cereal	Corn Dog	Pizza	Chicken Nuggets	Pancakes
Cereal	Corn Dog	Eggo Waffle	Chicken Nuggets	Chicken Cup of Noodles
Corn Dog	Eggo Waffle	Chicken Nuggets	Pancakes	Chik Patty
Vitamins	Corn Dog	Pizza	Chik Patty	Chicken Cup of Noodles
Peanut Butter Sandwhich	Cereal	Corn Dog	Chik Patty	Chicken Cup of Noodles	Babybell Cheese
Peanut Butter Sandwhich	Corn Dog	Eggo Waffle	Pancakes
Cereal	Corn Dog	Hot Dog	Eggo Waffle
Cereal	Corn Dog	Chicken Nuggets	Pancakes	Chik Patty	Babybell Cheese
Vitamins	Bagel	Cereal	Quesadilla
Cereal	Corn Dog	Pizza	Chicken	Pancakes
Vitamins	Peanut Butter Sandwhich	Pancakes	Quesadilla	Chik Patty
Vitamins	Corn Dog	Chicken Nuggets	Pancakes	Chik Patty	Babybell Cheese
Hot Dog	Chicken Nuggets	Pancakes	Quesadilla	Chik Patty
Bagel	Hot Dog	Eggo Waffle
Peanut Butter Sandwhich	Cereal	Pizza	Chicken Nuggets	Pancakes
Bagel	Pizza	Pancakes
Vitamins	Corn Dog	Pizza	Chicken Nuggets	Pancakes	Chik Patty	Babybell Cheese
Cereal	Pizza	Chicken Nuggets	Quesadilla	Cheese Sandwhich
Hot Dog	Pizza	Pancakes	Chik Patty	Babybell Cheese
Vitamins	Cereal	Pizza	Chicken Nuggets	Cheese Sandwhich	Chik Patty
Cereal	Hot Dog	Pizza	Eggo Waffle	Babybell Cheese
Vitamins	Cereal	Corn Dog	Hot Dog	Pizza	Chik Patty
Vitamins	Bagel	Peanut Butter Sandwhich	Chicken Cup of Noodles	Babybell Cheese
Vitamins	Peanut Butter Sandwhich	Cereal	Chicken Nuggets	Pancakes	Chicken Cup of Noodles
Bagel	Eggo Waffle	Cheese Sandwhich	Babybell Cheese
Bagel	Cereal	Cheese Sandwhich
Cereal	Eggo Waffle	Quesadilla	Chik Patty
Cereal	Eggo Waffle	Chicken Nuggets	Pancakes	Quesadilla	Babybell Cheese
Cereal	Eggo Waffle	Chicken Nuggets	Tater Tots	Chik Patty
Cereal	Corn Dog	Hot Dog	Chicken Nuggets	Pancakes	Babybell Cheese
Bagel	Peanut Butter Sandwhich	Cereal	Corn Dog
Vitamins	Cereal	Chicken	Pancakes	Quesadilla	Chicken Cup of Noodles
Bagel	Corn Dog	Pancakes	Chik Patty	Babybell Cheese
Peanut Butter Sandwhich	Tater Tots	Pancakes	Chik Patty
Cereal	Chicken Nuggets	Pancakes	Chik Patty	Chicken Cup of Noodles
Peanut Butter Sandwhich	Cereal	Pancakes	Babybell Cheese
Cereal	Pizza	Pancakes	Chik Patty
Corn Dog	Pizza	Eggo Waffle	Chicken Cup of Noodles	Babybell Cheese
Vitamins	Peanut Butter Sandwhich	Cereal	Eggo Waffle	Cheese Sandwhich	Babybell Cheese
Peanut Butter Sandwhich	Corn Dog	Chicken Nuggets	Pancakes	Cheese Sandwhich
Cereal	Corn Dog	Pizza	Quesadilla	Chik Patty
Vitamins	Peanut Butter Sandwhich	Chicken Nuggets	Tater Tots	Pancakes	Babybell Cheese
Cereal	Corn Dog	Eggo Waffle	Chicken Nuggets	Chik Patty
Pizza	Eggo Waffle	Chik Patty	Chicken Cup of Noodles	Babybell Cheese
Vitamins	Peanut Butter Sandwhich	Eggo Waffle	Pancakes	Babybell Cheese
Cereal	Corn Dog	Pizza	Chicken Nuggets	Quesadilla
Peanut Butter Sandwhich	Cereal	Corn Dog	Eggo Waffle
Bagel	Cereal	Eggo Waffle	Chicken Nuggets
Cereal	Hot Dog	Chicken Nuggets	Pancakes	Chik Patty
Cereal	Corn Dog	Tater Tots	Chicken	Pancakes
Vitamins	Cereal	Chicken	Pancakes	Chik Patty	Babybell Cheese
Bagel	Eggo Waffle	Quesadilla
Vitamins	Bagel	Cereal	Tater Tots
Bagel	Cereal	Pizza	Chik Patty
Vitamins	Tater Tots	Chicken	Pancakes	Cheese Sandwhich
Bagel	Cereal	Hot Dog	Babybell Cheese
Bagel	Hot Dog	Pancakes
Hot Dog	Chicken Nuggets	Pancakes	Chik Patty	Babybell Cheese
Cereal	Tater Tots	Chicken	Pancakes	Chik Patty
Bagel	Peanut Butter Sandwhich	Cereal	Chicken Nuggets
Cereal	Hot Dog	Pizza	Eggo Waffle	Chicken Nuggets
Corn Dog	Hot Dog	Eggo Waffle	Chicken Nuggets	Pancakes	Babybell Cheese
Vitamins	Bagel	Chicken Nuggets	Pancakes	Chik Patty	Babybell Cheese
Peanut Butter Sandwhich	Eggo Waffle	Pancakes	Chik Patty
Vitamins	Cereal	Pizza	Eggo Waffle	Chicken Nuggets	Babybell Cheese
Vitamins	Bagel	Cheese Sandwhich	Chik Patty
Vitamins	Cereal	Pizza	Chicken Nuggets	Quesadilla	Chicken Cup of Noodles
Cereal	Pizza	Eggo Waffle	Chicken Nuggets	Cheese Sandwhich	Babybell Cheese
Vitamins	Cereal	Corn Dog	Eggo Waffle	Chicken	Pancakes
Cereal	Pizza	Chicken Nuggets	Quesadilla	Chicken Cup of Noodles	Babybell Cheese
Corn Dog	Pizza	Chicken Nuggets	Pancakes	Quesadilla	Babybell Cheese
Bagel	Corn Dog	Pizza	Chik Patty
Cereal	Chicken	Pancakes	Quesadilla	Chik Patty	Babybell Cheese
Vitamins	Eggo Waffle	Chicken	Pancakes	Cheese Sandwhich
Cereal	Tater Tots	Pancakes	Chik Patty
Vitamins	Peanut Butter Sandwhich	Cereal	Corn Dog	Pizza	Chik Patty
Cereal	Eggo Waffle	Chicken	Pancakes	Babybell Cheese
Cereal	Pizza	Chicken Nuggets	Pancakes	Chik Patty
Cereal	Eggo Waffle	Chicken Nuggets	Quesadilla	Chicken Cup of Noodles
Bagel	Cereal	Corn Dog	Chik Patty
Bagel	Corn Dog	Chicken Nuggets	Pancakes
Vitamins	Eggo Waffle	Chicken Nuggets	Pancakes	Chik Patty
Bagel	Peanut Butter Sandwhich	Pancakes
Pizza	Chicken	Pancakes	Chicken Cup of Noodles
Vitamins	Pizza	Eggo Waffle	Chicken Nuggets	Pancakes	Chik Patty	Babybell Cheese
Peanut Butter Sandwhich	Corn Dog	Chicken Nuggets	Pancakes	Chicken Cup of Noodles
Peanut Butter Sandwhich	Cereal	Corn Dog	Chicken Nuggets	Pancakes
Cereal	Chicken	Pancakes	Chik Patty
Cereal	Pizza	Pancakes	Chik Patty	Babybell Cheese
Peanut Butter Sandwhich	Chicken Nuggets	Pancakes
Bagel	Cereal	Corn Dog	Chicken Nuggets
Vitamins	Cereal	Chicken Nuggets	Chik Patty	Chicken Cup of Noodles
Peanut Butter Sandwhich	Cereal	Chicken Nuggets	Pancakes	Cheese Sandwhich
Cereal	Pizza	Chik Patty	Chicken Cup of Noodles	Babybell Cheese
Bagel	Cereal	Pizza
Bagel	Cereal	Quesadilla	Babybell Cheese
Vitamins	Peanut Butter Sandwhich	Cereal	Cheese Sandwhich	Chik Patty	Babybell Cheese
Vitamins	Cereal	Hot Dog	Eggo Waffle	Chicken Nuggets
Bagel	Eggo Waffle	Chicken Nuggets	Chicken Cup of Noodles
Vitamins	Cereal	Pizza	Chicken Nuggets	Chik Patty	Chicken Cup of Noodles
Cereal	Chicken Nuggets	Quesadilla	Chik Patty	Chicken Cup of Noodles
Vitamins	Peanut Butter Sandwhich	Cereal	Eggo Waffle	Chicken Nuggets	Pancakes
Peanut Butter Sandwhich	Cereal	Corn Dog	Tater Tots
Vitamins	Bagel	Cereal	Chicken Nuggets	Chik Patty
Peanut Butter Sandwhich	Pizza	Eggo Waffle	Pancakes	Babybell Cheese
Vitamins	Cereal	Pizza	Eggo Waffle	Chicken Nuggets
Vitamins	Cereal	Eggo Waffle	Chicken	Pancakes	Quesadilla	Babybell Cheese
Cereal	Corn Dog	Chicken	Pancakes	Cheese Sandwhich
Vitamins	Corn Dog	Pizza	Pancakes	Chik Patty
Peanut Butter Sandwhich	Cereal	Eggo Waffle	Chicken Cup of Noodles	Babybell Cheese
Eggo Waffle	Chicken Nuggets	Pancakes	Chicken Cup of Noodles	Babybell Cheese
Cereal	Corn Dog	Eggo Waffle	Chicken Nuggets	Chik Patty	Chicken Cup of Noodles
Peanut Butter Sandwhich	Chicken Nuggets	Pancakes	Chicken Cup of Noodles
Vitamins	Cereal	Pizza	Eggo Waffle	Chicken	Pancakes
Vitamins	Cereal	Pizza	Eggo Waffle	Chicken Nuggets	Chik Patty
Vitamins	Cereal	Hot Dog	Eggo Waffle	Chik Patty
Vitamins	Bagel	Cereal	Eggo Waffle	Babybell Cheese
Vitamins	Peanut Butter Sandwhich	Pizza	Chicken Nuggets	Pancakes	Babybell Cheese
Bagel	Cereal	Chicken Nuggets	Tater Tots
Bagel	Cereal	Chicken	Pancakes
Peanut Butter Sandwhich	Cereal	Pizza	Quesadilla	Chik Patty
Peanut Butter Sandwhich	Cereal	Chicken Nuggets	Pancakes	Cheese Sandwhich	Babybell Cheese
Bagel	Chicken Nuggets	Cheese Sandwhich	Chik Patty
Vitamins	Pizza	Chicken Nuggets	Pancakes	Chik Patty	Babybell Cheese
Eggo Waffle	Chicken Nuggets	Pancakes	Chik Patty	Chicken Cup of Noodles	Babybell Cheese
Vitamins	Peanut Butter Sandwhich	Chicken Nuggets	Pancakes	Chicken Cup of Noodles	Babybell Cheese
Bagel	Cereal	Hot Dog	Chicken Nuggets
Cereal	Eggo Waffle	Chicken	Pancakes
Vitamins	Corn Dog	Pizza	Eggo Waffle	Chicken Nuggets	Pancakes	Babybell Cheese
Vitamins	Hot Dog	Pizza	Pancakes	Chik Patty	Babybell Cheese
Bagel	Chicken Nuggets	Pancakes	Quesadilla	Babybell Cheese
Cereal	Corn Dog	Eggo Waffle	Chicken	Pancakes
Vitamins	Bagel	Cereal	Corn Dog	Chik Patty	Babybell Cheese
Vitamins	Bagel	Eggo Waffle	Chik Patty
Cereal	Eggo Waffle	Chicken Nuggets	Tater Tots	Chik Patty	Babybell Cheese
Vitamins	Peanut Butter Sandwhich	Cereal	Chicken Nuggets	Pancakes	Chik Patty
Cereal	Corn Dog	Pizza	Chicken Nuggets	Pancakes	Babybell Cheese
Peanut Butter Sandwhich	Cereal	Corn Dog	Eggo Waffle	Babybell Cheese
Pizza	Chicken Nuggets	Pancakes	Chik Patty	Babybell Cheese
Cereal	Hot Dog	Chicken Nuggets	Pancakes	Babybell Cheese
Vitamins	Cereal	Corn Dog	Eggo Waffle	Chicken Nuggets	Chik Patty	Babybell Cheese
Peanut Butter Sandwhich	Cereal	Pancakes	Cheese Sandwhich	Babybell Cheese
Vitamins	Bagel	Cereal	Chicken Nuggets	Quesadilla
Vitamins	Cereal	Chicken	Pancakes	Chicken Cup of Noodles
Peanut Butter Sandwhich	Cereal	Corn Dog	Pancakes	Chik Patty	Babybell Cheese
Cereal	Corn Dog	Pizza	Chik Patty	Babybell Cheese
Cereal	Eggo Waffle	Cheese Sandwhich	Chik Patty	Babybell Cheese
Bagel	Cereal	Hot Dog	Chicken Nuggets	Babybell Cheese
Peanut Butter Sandwhich	Cereal	Pizza	Tater Tots
Bagel	Cereal	Corn Dog	Pizza	Babybell Cheese
Bagel	Corn Dog	Chicken Nuggets	Pancakes	Babybell Cheese
Vitamins	Peanut Butter Sandwhich	Cereal	Pizza	Chik Patty
Vitamins	Cereal	Hot Dog	Chicken Nuggets	Pancakes
Vitamins	Cereal	Hot Dog	Chicken	Pancakes	Chik Patty
Chicken Nuggets	Tater Tots	Pancakes	Chik Patty	Babybell Cheese
Vitamins	Peanut Butter Sandwhich	Cereal	Chicken Nuggets	Chik Patty	Chicken Cup of Noodles
Bagel	Pizza	Chik Patty
Vitamins	Cereal	Eggo Waffle	Chicken	Pancakes	Cheese Sandwhich
Vitamins	Peanut Butter Sandwhich	Cereal	Hot Dog	Chicken Nuggets	Pancakes
Bagel	Eggo Waffle	Chik Patty
Bagel	Cereal	Eggo Waffle	Babybell Cheese
Bagel	Peanut Butter Sandwhich	Cereal	Corn Dog	Babybell Cheese
Peanut Butter Sandwhich	Cereal	Chicken Nuggets	Pancakes	Chik Patty
Cereal	Chicken	Pancakes	Chik Patty	Chicken Cup of Noodles	Babybell Cheese
Vitamins	Bagel	Corn Dog	Chicken Nuggets	Tater Tots
Peanut Butter Sandwhich	Cereal	Chicken Nuggets	Pancakes	Chicken Cup of Noodles
Cereal	Tater Tots	Chicken	Pancakes
Bagel	Cereal	Chik Patty
Vitamins	Cereal	Corn Dog	Chicken	Pancakes	Quesadilla
Vitamins	Peanut Butter Sandwhich	Pancakes	Chik Patty	Babybell Cheese
Bagel	Chicken Nuggets	Chik Patty	Chicken Cup of Noodles
Cereal	Corn Dog	Chicken Nuggets	Pancakes	Quesadilla	Chik Patty
Bagel	Cereal	Chicken Nuggets	Chik Patty
